Metric,SHAP,LIME
ESS (Stability),0.48666902342023854,0.186099788088021
SI (Sparsity),0.6226829268292682,0.3960975609756098
AR (Actionability),5.0,4.92
XAI-Q (Composite),0.6814724874168758,0.48846918352789126
